Username,Password
manuel.garcia,10001
antonio.lim,10002
bianca.aquino,10003
isabella.reyes,10004
eduard.hernandez,10005
andrea.villanueva,10006
brad.sanjose,10007
alice.romualdez,10008
rosie.atienza,10009
roderick.alvaro,10010
anthony.salcedo,10011
josie.lopez,10012
martha.farala,10013
leila.martinez,10014
fredrick.romualdez,10015
christian.mata,10016
selena.deleon,10017
allison.sanjose,10018
cydney.rosario,10019
mark.bautista,10020
darlene.lazaro,10021
kolby.delossantos,10022
vella.santos,10023
tomas.delrosario,10024
jacklyn.tolentino,10025
percival.gutierrez,10026
garfield.manalaysay,10027
lizeth.villegas,10028
carol.ramos,10029
emelia.maceda,10030
delia.aguilar,10031
john.castro,10032
carlos.martinez,10033
beatriz.santos,10034
